id,filename
2665651,attachments/2665651.pdf
2665650,attachments/2665650.pdf
2665649,attachments/2665649.pdf
2665648,attachments/2665648.pdf
2665647,attachments/2665647.pdf
2665646,attachments/2665646.pdf
2665645,attachments/2665645.pdf
2665643,attachments/2665643.pdf
2665642,attachments/2665642.pdf
2665641,attachments/2665641.pdf
2665640,attachments/2665640.pdf
2665638,attachments/2665638.pdf
2665637,attachments/2665637.pdf
2665634,attachments/2665634.pdf
2665633,attachments/2665633.pdf
2665632,attachments/2665632.pdf
2665629,attachments/2665629.pdf
2665627,attachments/2665627.pdf
2665626,attachments/2665626.pdf
2665625,attachments/2665625.pdf
2665624,attachments/2665624.pdf
2665623,attachments/2665623.pdf
2665618,attachments/2665618.pdf
2665617,attachments/2665617.pdf
2665616,attachments/2665616.pdf
2665615,attachments/2665615.pdf
2665614,attachments/2665614.pdf
2665611,attachments/2665611.pdf
2665610,attachments/2665610.pdf
2665609,attachments/2665609.pdf
2665608,attachments/2665608.pdf
2665607,attachments/2665607.pdf
2665604,attachments/2665604.pdf
2665603,attachments/2665603.pdf
2665602,attachments/2665602.pdf
2665600,attachments/2665600.pdf
2665599,attachments/2665599.pdf
2665597,attachments/2665597.pdf
2665596,attachments/2665596.pdf
2665594,attachments/2665594.pdf
2665591,attachments/2665591.pdf
2665590,attachments/2665590.pdf
2665589,attachments/2665589.pdf
2665587,attachments/2665587.pdf
2665586,attachments/2665586.pdf
2665582,attachments/2665582.pdf
2665580,attachments/2665580.pdf
2665579,attachments/2665579.pdf
2665578,attachments/2665578.pdf
2665576,attachments/2665576.pdf
2665574,attachments/2665574.pdf
2665573,attachments/2665573.pdf
2665568,attachments/2665568.pdf
2665567,attachments/2665567.pdf
2665565,attachments/2665565.pdf
2665563,attachments/2665563.pdf
2665562,attachments/2665562.pdf
2665561,attachments/2665561.pdf
2665558,attachments/2665558.pdf
2665556,attachments/2665556.pdf
2665554,attachments/2665554.pdf
2665553,attachments/2665553.pdf
2665551,attachments/2665551.pdf
2665550,attachments/2665550.pdf
2665548,attachments/2665548.pdf
2665546,attachments/2665546.pdf
2665543,attachments/2665543.pdf
2665542,attachments/2665542.pdf
2665539,attachments/2665539.pdf
2665537,attachments/2665537.pdf
2665536,attachments/2665536.pdf
2665535,attachments/2665535.pdf
2665533,attachments/2665533.pdf
2665532,attachments/2665532.pdf
2665528,attachments/2665528.pdf
2665527,attachments/2665527.pdf
2665526,attachments/2665526.pdf
2665525,attachments/2665525.pdf
2665524,attachments/2665524.pdf
2665521,attachments/2665521.pdf
2665520,attachments/2665520.pdf
2665519,attachments/2665519.pdf
2665518,attachments/2665518.pdf
2665517,attachments/2665517.pdf
2665516,attachments/2665516.pdf
2665515,attachments/2665515.pdf
2665514,attachments/2665514.pdf
2665508,attachments/2665508.pdf
2665507,attachments/2665507.pdf
2665505,attachments/2665505.pdf
2665504,attachments/2665504.pdf
2665503,attachments/2665503.pdf
2665502,attachments/2665502.pdf
2665501,attachments/2665501.pdf
2665499,attachments/2665499.pdf
2665498,attachments/2665498.pdf
2665497,attachments/2665497.pdf
2665494,attachments/2665494.pdf
2665491,attachments/2665491.pdf
2665490,attachments/2665490.pdf
2665488,attachments/2665488.pdf
2665487,attachments/2665487.pdf
2665486,attachments/2665486.pdf
2665484,attachments/2665484.pdf
2665483,attachments/2665483.pdf
2665481,attachments/2665481.pdf
2665480,attachments/2665480.pdf
2665479,attachments/2665479.pdf
2665478,attachments/2665478.pdf
2665477,attachments/2665477.pdf
2665476,attachments/2665476.pdf
2665475,attachments/2665475.pdf
2665474,attachments/2665474.pdf
2665473,attachments/2665473.pdf
2665471,attachments/2665471.pdf
2665469,attachments/2665469.pdf
2665468,attachments/2665468.pdf
2665467,attachments/2665467.pdf
2665465,attachments/2665465.pdf
2665464,attachments/2665464.pdf
2665463,attachments/2665463.pdf
2665462,attachments/2665462.pdf
2665458,attachments/2665458.pdf
2665455,attachments/2665455.pdf
2665452,attachments/2665452.pdf
2665448,attachments/2665448.pdf
2665447,attachments/2665447.pdf
2665444,attachments/2665444.pdf
2665443,attachments/2665443.pdf
2665442,attachments/2665442.pdf
2665441,attachments/2665441.pdf
2665440,attachments/2665440.pdf
2665439,attachments/2665439.pdf
2665438,attachments/2665438.pdf
2665437,attachments/2665437.pdf
2665436,attachments/2665436.pdf
2665433,attachments/2665433.pdf
2665432,attachments/2665432.pdf
2665431,attachments/2665431.pdf
2665430,attachments/2665430.pdf
2665425,attachments/2665425.pdf
2665424,attachments/2665424.pdf
2665421,attachments/2665421.pdf
2665420,attachments/2665420.pdf
2665416,attachments/2665416.pdf
2665415,attachments/2665415.pdf
2665411,attachments/2665411.pdf
2665410,attachments/2665410.pdf
2665406,attachments/2665406.pdf
2665403,attachments/2665403.pdf
2665397,attachments/2665397.pdf
2665395,attachments/2665395.pdf
2665383,attachments/2665383.pdf
2665345,attachments/2665345.pdf
2665331,attachments/2665331.pdf
2665329,attachments/2665329.pdf
2665323,attachments/2665323.pdf
2665321,attachments/2665321.pdf
2665314,attachments/2665314.pdf
2665299,attachments/2665299.pdf
2665297,attachments/2665297.pdf
2665296,attachments/2665296.pdf
2665293,attachments/2665293.pdf
2665292,attachments/2665292.pdf
2665289,attachments/2665289.pdf
2665284,attachments/2665284.pdf
2665281,attachments/2665281.pdf
2665266,attachments/2665266.pdf
2665260,attachments/2665260.pdf
2665252,attachments/2665252.pdf
2665249,attachments/2665249.pdf
2665235,attachments/2665235.pdf
2665234,attachments/2665234.pdf
2665233,attachments/2665233.pdf
2665231,attachments/2665231.pdf
2665226,attachments/2665226.pdf
2665225,attachments/2665225.pdf
2665222,attachments/2665222.pdf
2665221,attachments/2665221.pdf
2665210,attachments/2665210.pdf
2665207,attachments/2665207.pdf
2665205,attachments/2665205.pdf
2665170,attachments/2665170.pdf
2665169,attachments/2665169.pdf
2665168,attachments/2665168.pdf
2665167,attachments/2665167.pdf
2665165,attachments/2665165.pdf
2665164,attachments/2665164.pdf
2663486,attachments/2663486.pdf
2663405,attachments/2663405.pdf
2663398,attachments/2663398.pdf
2663395,attachments/2663395.pdf
2663391,attachments/2663391.pdf
2663380,attachments/2663380.pdf
2663375,attachments/2663375.pdf
2663367,attachments/2663367.pdf
2663366,attachments/2663366.pdf
2663361,attachments/2663361.pdf
2663358,attachments/2663358.pdf
2663356,attachments/2663356.pdf
2663348,attachments/2663348.pdf
2663341,attachments/2663341.pdf
2663340,attachments/2663340.pdf
2663339,attachments/2663339.pdf
2663328,attachments/2663328.pdf
2663324,attachments/2663324.pdf
2663310,attachments/2663310.pdf
2663289,attachments/2663289.pdf
2663276,attachments/2663276.pdf
2663263,attachments/2663263.pdf
2663256,attachments/2663256.pdf
2663157,attachments/2663157.pdf
2663127,attachments/2663127.pdf
2663125,attachments/2663125.pdf
2663064,attachments/2663064.pdf
2663061,attachments/2663061.pdf
2662944,attachments/2662944.pdf
2662941,attachments/2662941.pdf
2662935,attachments/2662935.pdf
2662931,attachments/2662931.pdf
2662925,attachments/2662925.pdf
2662904,attachments/2662904.pdf
2662901,attachments/2662901.pdf
2662802,attachments/2662802.pdf
2662780,attachments/2662780.pdf
2662770,attachments/2662770.pdf
2662654,attachments/2662654.pdf
2662611,attachments/2662611.pdf
2662603,attachments/2662603.pdf
2662602,attachments/2662602.pdf
2662543,attachments/2662543.pdf
2662492,attachments/2662492.pdf
2662473,attachments/2662473.pdf
2662463,attachments/2662463.pdf
2662381,attachments/2662381.pdf
2662292,attachments/2662292.pdf
2662226,attachments/2662226.pdf
2662219,attachments/2662219.pdf
2662182,attachments/2662182.pdf
2662176,attachments/2662176.pdf
2662109,attachments/2662109.pdf
2662075,attachments/2662075.pdf
2661982,attachments/2661982.pdf
2661969,attachments/2661969.pdf
2661384,attachments/2661384.pdf
2661333,attachments/2661333.pdf
2660610,attachments/2660610.pdf
2660588,attachments/2660588.pdf
2660543,attachments/2660543.pdf
2660510,attachments/2660510.pdf
2660159,attachments/2660159.pdf
2660134,attachments/2660134.pdf
2636257,attachments/2636257.pdf
2636210,attachments/2636210.pdf
2636017,attachments/2636017.pdf
2635987,attachments/2635987.pdf
2635975,attachments/2635975.pdf
2596917,attachments/2596917.pdf
2488672,attachments/2488672.pdf
